,Mission,Launch Date,launch_link,mission_headline
0,CRS-26 Mission,"November 26, 2022",/launches/crs-26/," On Saturday, November 26 at 2:20 p.m. ET, Falcon 9 launched Dragon’s 26th Commercial Resupply Services mission (CRS-26) to the International Space Station from Launch Complex 39A (LC-39A) at NASA’s Kennedy Space Center in Florida. Following stage separation, Falcon 9’s first stage landed on the Just Read the Instructions droneship in the Atlantic Ocean.,  Dragon will autonomously dock with the space station on Saturday, November 27, at approximately 7:30 a.m. ET (12:30 UTC)."
1,Eutelsat 10B Mission,"November 22, 2022",/launches/eutelsat-10b/," On Tuesday, November 22 at 9:57 p.m. ET, Falcon 9 launched the Eutelsat 10B mission to a geosynchronous transfer orbit from Space Launch Complex 40 (SLC-40) at Cape Canaveral Space Force Station in Florida.,  This was the eleventh launch of this booster, which previously supported the launch of Telstar 18 VANTAGE, Iridium-8, and nine Starlink missions."
2,Intelsat G-31/G-32 Mission,"November 12, 2022",/launches/intelsat-g-31-g-32/," On Saturday, November 12 at 11:06 a.m. ET, Falcon 9 launched the Intelsat G-31/G-32 mission to a geosynchronous transfer orbit from Space Launch Complex 40 (SLC-40) at Cape Canaveral Space Force Station in Florida.,  This was the fourteenth launch of this booster, which previously supported Dragon’s first crew demonstration mission, the RADARSAT Constellation Mission, SXM-7, and 10 Starlink missions."
3,Eutelsat HOTBIRD 13G Mission,"November 3, 2022",/launches/eutelsat-hotbird-13g/," On Thursday, November 3 at 1:22 a.m. ET, Falcon 9 launched the Eutelsat HOTBIRD 13G mission to a geosynchronous transfer orbit from Space Launch Complex 40 (SLC-40) at Cape Canaveral Space Force Station in Florida.,  This was the seventh launch and landing of this booster, which previously supported the launch of CRS-22, Crew-3, Turksat 5B, Crew-4, CRS-25, and one Starlink mission."
4,USSF-44 Mission,"November 1, 2022",/launches/ussf-44/," On Tuesday, November 1 at 9:41 a.m. ET, Falcon Heavy launched the USSF-44 mission to a geosynchronous Earth orbit from Launch Complex 39A (LC-39A) at Kennedy Space Center in Florida.,  This was the first launch and landing of these Falcon Heavy side boosters, which will be prepared for re-flight on a future U.S. Space Force mission later this year."
5,Starlink Mission,"October 27, 2022",/launches/sl4-31/," On Thursday, October 27 at 6:14 p.m. PT, SpaceX launched 53 Starlink satellites to low-Earth orbit from Space Launch Complex 4E (SLC-4E) at Vandenberg Space Force Base in California.,  This was the eighth launch and landing for this Falcon 9 first stage booster, which previously launched Sentinel-6 Michael Freilich, DART, and now six Starlink missions."
6,Starlink Mission,"October 20, 2022",/launches/sl4-36/," On Thursday, October 20 at 10:50 a.m. ET, SpaceX launched 54 Starlink satellites to low-Earth orbit from Space Launch Complex 40 (SLC-40) at Cape Canaveral Space Force Station in Florida.,  This was the tenth launch and landing for this Falcon 9 first stage booster, which previously launched GPS III Space Vehicle 04, GPS III Space Vehicle 05, Inspiration4, Ax-1, Nilesat 301, and now five Starlink missions."
7,Eutelsat HOTBIRD 13F Mission,"October 15, 2022",/launches/eutelsat-hotbird-13f/," On Saturday, October 15 at 1:22 a.m. ET, Falcon 9 launched the Eutelsat HOTBIRD 13F mission to a geosynchronous transfer orbit from Space Launch Complex 40 (SLC-40) at Cape Canaveral Space Force Station in Florida.,  This was the third launch and landing of this booster, which previously supported the launch of CRS-24 and one Starlink mission."
8,Crew-4 Returns to Earth,"October 14, 2022",/launches/crew-4-return/," After 170 days in space, Dragon and Crew-4 astronauts Kjell Lindgren, Bob Hines, Jessica Watkins, and Samantha Cristoforetti returned to Earth and splashed down off the coast of Florida at 4:55 p.m. ET on Friday, October 14.,  Falcon 9launchedDragon and the Crew-4 astronauts to the orbiting laboratory on Wednesday, April 27 at 3:52 a.m. ET from Launch Complex 39A at NASA’s Kennedy Space Center in Florida."
9,Intelsat G-33/G-34 Mission,"October 8, 2022",/launches/intelsatg33g34/," On Saturday, October 8 at 7:05 p.m. ET, Falcon 9 launched the Intelsat G-33/G-34 mission to a geosynchronous transfer orbit from Space Launch Complex 40 (SLC-40) at Cape Canaveral Space Force Station in Florida.,  This was the 14th launch and landing of this booster, which previously supported the launch of GPS III-3, Turksat 5A, Transporter-2, and 10 Starlink missions."
10,Starlink Mission,"October 5, 2022",/launches/sl4-29/," On Wednesday, October 5 at 4:10 p.m. PT, SpaceX launched 52 Starlink satellites to low-Earth orbit from Space Launch Complex 4E (SLC-4E) at Vandenberg Space Force Base in California.,  This was the fifth launch and landing for this Falcon 9 first stage booster, which previously launched NROL-87, NROL-85, SARah-1, and now two Starlink missions."
11,Crew-5 Mission,"October 5, 2022",/launches/crew-5/," On Thursday, October 6 at 5:01 p.m. ET, SpaceXs Dragon autonomously docked with the International Space Station. Approximately 29 hours earlier at 12:00 p.m. ET, Falcon 9 launched the spacecraft to orbit from Launch Complex 39A (LC-39A) at NASAs Kennedy Space Center in Florida.,  During their time on the orbiting laboratory, the crew will conduct over200 science experiments and technology demonstrationsin areas such as human health and lunar fuel systems. Dragon and Crew-5 will depart the station and return to Earth in early 2023."
12,Starlink Mission,"September 24, 2022",/launches/sl4-35/," On Saturday, September 24 at 7:32 p.m. ET, SpaceX launched 52 Starlink satellites to low-Earth orbit from Space Launch Complex 40 (SLC-40) at Cape Canaveral Space Force Station in Florida.,  This was the fourth launch and landing for this Falcon 9 first stage booster, which previously launched SES-22 and now three Starlink missions."
13,Starlink Mission,"September 18, 2022",/launches/sl4-34/," On Sunday, September 18 at 8:18 p.m. ET, SpaceX launched 54 Starlink satellites to orbit from Space Launch Complex 40 (SLC-40) at Cape Canaveral Space Force Station in Florida.,  This was the sixth launch and landing of this Falcon 9 first stage booster, which previously launched CRS-22, Crew-3, Turksat 5B, Crew-4, CRS-25, and now one Starlink mission."
14,Starlink Mission,"September 10, 2022",/launches/sl4-2/," On Saturday, September 10 at 9:20 p.m. ET, SpaceX launched 34 Starlink satellites and AST SpaceMobile’s BlueWalker 3 satellite to orbit from Launch Complex 39A (LC-39A) at Kennedy Space Center in Florida.,  This was the 14th launch and landing of this Falcon 9 first stage booster, which previously launched Crew Demo-2, ANASIS-II, CRS-21, Transporter-1, Transporter-3, and now nine Starlink missions."
15,Starlink Mission,"September 4, 2022",/launches/sl4-20/," On Sunday, September 4 at 10:09 p.m. ET, SpaceX launched 51 Starlink satellites and Spaceflight’s Sherpa-LTC, an orbital transfer vehicle, to orbit from Space Launch Complex 40 (SLC-40) at Cape Canaveral Space Force Station in Florida.,  This was the seventh flight for the first stage booster supporting this mission, which previously launched Arabsat-6A, STP-2, COSMO-SkyMed Second Generation FM2, KPLO, and now three Starlink missions."
16,Starlink Mission,"August 30, 2022",/launches/sl3-4/," On Tuesday, August 30 at 10:40 p.m. PT, Falcon 9 launched 46 Starlink satellites to low-Earth orbit from Space Launch Complex 4 East (SLC-4E) at Vandenberg Space Force Base, California.,  This was the 7th flight for this Falcon 9 first stage booster, which previously launched Sentinel-6 Michael Freilich, DART, and now five Starlink missions."
17,Starlink Mission,"August 27, 2022",/launches/sl4-23/," On Saturday, August 27 at 11:41 p.m. ET, SpaceX launched 54 Starlink satellites from Space Launch Complex 40 (SLC-40) at Cape Canaveral Space Force Station in Florida.,  This was the second flight for the Falcon 9 first stage booster supporting this mission, which previously launched CRS-24 and now one Starlink mission."
18,CRS-25 Returns to Earth,"August 20, 2022",/launches/crs-25-return/, SpaceX © 2024PRIVACY POLICYSUPPLIERS
19,Starlink Mission,"August 19, 2022",/launches/sl4-27/," On Friday, August 19 at 3:21 p.m. ET, SpaceX launched 53 Starlink satellites from Space Launch Complex 40 (SLC-40) at Cape Canaveral Space Force Station in Florida.,  This was the ninth flight for the Falcon 9 first stage booster supporting this mission, which previously launched GPS III Space Vehicle 04, GPS III Space Vehicle 05, Inspiration4, Ax-1, Nilesat 301, and now four Starlink missions."
20,Starlink Mission,"August 12, 2022",/launches/sl3-3/," On Friday, August 12 at 2:40 p.m. PT, Falcon 9 launched 46 Starlink satellites to low-Earth orbit from Space Launch Complex 4 East (SLC-4E) at Vandenberg Space Force Base, California.,  This was the 10th flight for this Falcon 9 first stage booster, which previously launched Crew-1, Crew-2, SXM-8, CRS-23, IXPE, Transporter-4, Transporter-5, Globalstar FM15, and now two Starlink missions."
21,Starlink Mission,"August 9, 2022",/launches/sl4-26/," On Tuesday, August 9 at 10:14 p.m. ET, SpaceX launched 52 Starlink satellites from Launch Complex 39A (LC-39A) at Kennedy Space Center in Florida.,  This was the third flight for the Falcon 9 first stage booster supporting this mission, which previously launched SES-22 and now two Starlink missions."
22,KPLO Mission,"August 4, 2022",/launches/kplo/," On Thursday, August 4 at 7:08 p.m. ET, Falcon 9 launchedKPLOto a ballistic lunar transfer orbit from Space Launch Complex 40 (SLC-40) at Cape Canaveral Space Force Station in Florida.,  This was the sixth launch and landing of this booster, which previously supported the launch of Arabsat-6A, STP-2, COSMO-SkyMed Second Generation FM2, and two Starlink missions."
23,Starlink Mission,"July 24, 2022",/launches/sl4-25/," On Sunday, July 24 at 9:38 a.m. ET, SpaceX launched 53 Starlink satellites from Launch Complex 39A (LC-39A) at Kennedy Space Center in Florida.,  This was the eighth flight for the Falcon 9 first stage booster supporting this mission, which previously launched GPS III Space Vehicle 04, GPS III Space Vehicle 05, Inspiration4, Ax-1, Nilesat 301, and now three Starlink missions."
24,Starlink Mission,"July 22, 2022",/launches/sl3-2/," On Friday, July 22 at 10:39 a.m. PT, Falcon 9 launched 46 Starlink satellites to low-Earth orbit from Space Launch Complex 4 East (SLC-4E) at Vandenberg Space Force Base, California.,  This was the fourth flight for the Falcon 9 first stage booster supporting this mission, which previously launched NROL-87, NROL-87 and SARah-1."
25,Starlink Mission,"July 17, 2022",/launches/sl4-22/," On Sunday, July 17 at 10:20 a.m. ET, SpaceX launched 53 Starlink satellites from Space Launch Complex 40 (SLC-40) at Cape Canaveral Space Force Station in Florida.,  This was the 13th flight for the Falcon 9 first stage booster supporting this mission, which previously launched Dragon’s first crew demonstration mission, the RADARSAT Constellation Mission, SXM-7, and now 10 Starlink missions."
26,CRS-25 Mission,"July 14, 2022",/launches/crs-25/," On Thursday, July 14 at 8:44 p.m. ET, Falcon 9 launched Dragon on the 25th Commercial Resupply Services (CRS-25) mission from Launch Complex 39A (LC-39A) at Kennedy Space Center, Florida. Following stage separation, Falcon 9’s first stage landed on the A Shortfall of Gravitas droneship located in the Atlantic Ocean.,  Dragon separated from Falcon 9’s second stage about twelve minutes after liftoff and will dock to the space station on Saturday, July 16 at approximately 11:20 a.m. ET."
27,Starlink Mission,"July 10, 2022",/launches/sl3-1/," On Sunday, July 10 at 6:39 p.m. PT, Falcon 9 launched 46 Starlink satellites to low-Earth orbit from Space Launch Complex 4 East (SLC-4E) at Vandenberg Space Force Base, California.,  This Falcon 9 first stage booster previously launched Sentinel-6 Michael Freilich, DART, and three Starlink missions."
28,Starlink Mission,"July 7, 2022",/launches/sl4-21/," On Thursday, July 7 at 9:11 a.m. ET, SpaceX launched 53 Starlink satellites from Space Launch Complex 40 (SLC-40) at Cape Canaveral Space Force Station in Florida.,  This was the 13th flight for the Falcon 9 first stage booster supporting this mission, which previously launched Crew Demo-2, ANASIS-II, CRS-21, Transporter-1, Transporter-3, and now eight Starlink missions."
29,SES-22 Mission,"June 29, 2022",/launches/ses-22/," On Wednesday, June 29 at 5:04 p.m. ET, Falcon 9 launchedSES-22to a geosynchronous transfer orbit from Space Launch Complex 40 (SLC-40) at Cape Canaveral Space Force Station in Florida.,  This was the second launch and landing of this booster, which previously supported the launch of one Starlink mission."
30,Globalstar FM15 Mission,"June 19, 2022",/launches/globalstar/," On Sunday, June 19 at 12:27 a.m. ET, Falcon 9 launchedGlobalstar FM15to low-Earth orbit from Space Launch Complex 40 (SLC-40) at Cape Canaveral Space Force Station in Florida.,  This was the ninth launch and landing of this booster, which previously supported the launch of Crew-1, Crew-2, SXM-8, CRS-23, IXPE, one Starlink mission, Transporter-4, and Transporter-5."
31,SARah-1 Mission,"June 18, 2022",/launches/sarah-1/," On Saturday, June 18 at 7:19 a.m. PT, Falcon 9 launched the SARah-1 mission from Space Launch Complex 4 East (SLC-4E) at Vandenberg Space Force Base in California.,  This was the third launch and landing of this booster, which previously launched the NROL-87 and NROL-85 missions."
32,Starlink Mission,"June 17, 2022",/launches/sl4-19/," On Friday, June 17 at 12:09 p.m. ET, SpaceX launched 53 Starlink satellites from Launch Complex 39A (LC-39A) at Kennedy Space Center in Florida.,  This was the 13th flight for the Falcon 9 first stage booster supporting this mission, which previously launched GPS III-3, Turksat 5A, Transporter-2, and now 10 Starlink missions."
33,Nilesat 301 Mission,"June 8, 2022",/launches/nilesat-301/," On Wednesday, June 8 at 5:04 p.m. ET, Falcon 9 launchedNilesat 301to a geosynchronous transfer orbit from Space Launch Complex 40 (SLC-40) at Cape Canaveral Space Force Station in Florida.,  This was the seventh launch and landing of this booster, which previously supported the launch of GPS III Space Vehicle 04, GPS III Space Vehicle 05, Inspiration4, Ax-1, and two Starlink missions."
34,Transporter-5 Mission,"May 25, 2022",/launches/transporter-5/," On Wednesday, May 25 at 2:35 p.m. ET, Falcon 9 launched Transporter-5, SpaceX’s fifth dedicated smallsat rideshare program mission, from Space Launch Complex 40 at Cape Canaveral Space Force Station in Florida. This was the eighth launch and landing of this Falcon 9 stage booster, which previously supported launch of Crew-1, Crew-2, SXM-8, CRS-23, IXPE, one Starlink mission, and Transporter-4.,  Following stage separation, SpaceX landed Falcon 9’s first stage on Landing Zone 1 (LZ-1) at Cape Canaveral Space Force Station. On board this flight were 59 spacecraft, including including CubeSats, microsats, non-deploying hosted payloads, and orbital transfer vehicles."
35,Starlink Mission,"May 18, 2022",/launches/sl4-18/," On Wednesday, May 18 at 6:59 a.m. ET, SpaceX launched 53 Starlink satellites from Launch Complex 39A (LC-39A) at Kennedy Space Center in Florida.,  This was the fifth flight for the Falcon 9 first stage booster supporting this mission, which previously launched Arabsat-6A, STP-2, COSMO-SkyMed Second Generation FM2, and now two Starlink missions."
36,Starlink Mission,"May 14, 2022",/launches/sl4-15/," On Saturday, May 14 at 4:40 p.m. ET, Falcon 9 launched 53 Starlink satellites to low-Earth orbit from Space Launch Complex 40 (SLC-40) at Cape Canaveral Space Force Station in Florida.,  SpaceX © 2024PRIVACY POLICYSUPPLIERS"
37,Starlink Mission,"May 13, 2022",/launches/sl4-13/," On Friday, May 13 at 3:07 p.m. PT, Falcon 9 launched 53Starlinksatellites to low-Earth orbit from Space Launch Complex 4 East (SLC-4E) at Vandenberg Space Force Base, California.,  This Falcon 9 first stage booster previously launched Sentinel-6 Michael Freilich, DART, and two Starlink missions."
38,Starlink Mission,"May 6, 2022",/launches/sl4-17/," On Friday, May 6 at 5:42 a.m. ET, SpaceX launched 53 Starlink satellites from Launch Complex 39A (LC-39A) at Kennedy Space Center in Florida.,  This was the 12th flight for the Falcon 9 first stage booster supporting this mission, which previously launched Crew Demo-2, ANASIS-II, CRS-21, Transporter-1, Transporter-3, and now seven Starlink missions."
39,Crew-3 Returns to Earth,"May 6, 2022",/launches/crew-3-return/," After 177 days in space, Dragon and Crew-3 astronauts Raja Chari, Tom Marshburn, Kayla Barron, and Matthias Maurer returned to Earth and splashed down off the coast of Florida at 12:43 a.m. ET on Friday, May 6.,  Falcon 9launchedDragon and the Crew-3 astronauts to the orbiting laboratory on Wednesday, November 10, 2021 at 9:03 p.m. ET from Launch Complex 39A at NASA’s Kennedy Space Center in Florida."
40,Starlink Mission,"April 29, 2022",/launches/sl4-16/," On Friday, April 29 at 5:27 p.m. ET, Falcon 9 launched 53 Starlink satellites to low-Earth orbit from Space Launch Complex 40 (SLC-40) at Cape Canaveral Space Force Station in Florida.,  This was the sixth flight for the Falcon 9 first stage booster supporting this mission, which previously launched GPS III Space Vehicle 04, GPS III Space Vehicle 05, Inspiration4, Ax-1, and now two Starlink missions."
41,Crew-4 Mission,"April 27, 2022",/launches/crew-4/," On Wednesday, April 27 at 7:37 p.m. ET, Dragon autonomously docked with the International Space Station. Falcon 9 launched the spacecraft to orbit from Launch Complex 39A at NASA’s Kennedy Space Center in Florida approximately 16 hours earlier at 3:52 a.m. ET.,  During their time at the orbiting laboratory, the Crew-4 astronauts will conduct over 200 science experiments in areas such as materials science, health technologies, and plant science to prepare for human exploration beyond low-Earth orbit and benefit life on Earth. Dragon and the Crew-4 astronauts will depart the station and return to Earth no earlier than September 2022."
42,Starlink Mission,"April 21, 2022",/launches/sl4-14/," On Thursday, April 21 at 1:51 p.m. ET, Falcon 9 launched 53Starlinksatellites to low-Earth orbit from Space Launch Complex 40 (SLC-40) at Cape Canaveral Space Force Station in Florida.,  This was the 12th flight for the Falcon 9 first stage booster supporting this mission, which previously launched GPS III-3, Turksat 5A, Transporter-2, and now nine Starlink missions."
43,NROL-85 Mission,"April 15, 2022",/launches/nrol-85/," On Sunday, April 17 at 6:13 a.m. PT, Falcon 9 launched the NROL-85 mission from Space Launch Complex 4 East (SLC-4E) at Vandenberg Space Force Base in California.,  This was the second launch and landing of this booster, which previously launched the NROL-87 mission."
44,Ax-1 Mission,"April 8 - 25, 2022",/launches/ax-1/," After 17 days in space, Dragon and Axiom SpacesAx-1crew safely splashed down off the coast of Florida at 1:06 p.m. ET on Monday, April 25, 2022, completing Axiom’s first human spaceflight and the first all-private astronaut mission to the International Space Station. Falcon 9 launched Dragon and the Ax-1 crew to the orbiting laboratory on Friday, April 8 at 11:17 a.m. ET from Launch Complex 39A (LC-39A) at NASAs Kennedy Space Center in Florida.,  Ax-1 is the first of four missions SpaceX will launch to the space station on behalf of Axiom Space via SpaceX’s Falcon 9 and Dragon vehicles."
45,Transporter-4 Mission,"April 1, 2022",/launches/transporter-4/," On Friday, April 1 at 12:24 p.m. ET, Falcon 9 launchedTransporter-4, SpaceX’s fourth dedicatedsmallsat rideshare programmission, from Space Launch Complex 40 at Cape Canaveral Space Force Station in Florida. This was the seventh launch and landing of this Falcon 9 stage booster, which previously supported launch of Crew-1, Crew-2, SXM-8, CRS-23, IXPE, and one Starlink mission. Following stage separation, Falcon 9’s first stage landed on the Just Read the Instructions droneship, which was stationed in the Atlantic Ocean.,  On board this flight were 40 spacecraft, including CubeSats, microsats, picosats, non-deploying hosted payloads, and an orbital transfer vehicle carrying spacecraft to be deployed at a later time."
46,Starlink Mission,"March 19, 2022",/launches/sl4-12/," On Saturday, March 19 at 12:42 a.m. ET, Falcon 9 launched 53Starlinksatellites to low-Earth orbit from Space Launch Complex 40 (SLC-40) at Cape Canaveral Space Force Station in Florida, completing the first twelfth launch and landing of an orbital class rocket booster.,  This Falcon 9 first stage booster previously launched Dragon’s first crew demonstration mission, the RADARSAT Constellation Mission, SXM-7, and now nine Starlink missions."
47,Starlink Mission,"March 9, 2022",/launches/sl4-10/," On Wednesday, March 9 at 8:45 a.m. EST, Falcon 9 launched 48Starlinksatellites to low Earth orbit from Space Launch Complex 40 (SLC-40) at Cape Canaveral Space Force Station in Florida.,  This was the fourth launch and landing of this Falcon 9 first stage booster, which previously launched Arabsat-6A, STP-2, and COSMO-SkyMed Second Generation FM2."
48,Starlink Mission,"March 3, 2022",/launches/sl4-9/," On Thursday, March 3 at 9:25 a.m. EST, SpaceX launched 47Starlinksatellites from Launch Complex 39A (LC-39A) at Kennedy Space Center in Florida.,  This was the 11th flight for the Falcon 9 first stage booster supporting this mission, which previously launched GPS III-3, Turksat-5A, Transporter 2, and now eight Starlink missions."
49,Starlink Mission,"February 25, 2022",/launches/sl4-11/," On Friday, February 25 at 9:12 a.m. PST, SpaceX launched 50Starlinksatellites from Space Launch Complex 4 East (SLC-4E) at Vandenberg Space Force Base in California.,  This was the fourth flight for the Falcon 9 first stage booster supporting this mission, which previously supported Sentinel-6 Michael Freilich, DART and one Starlink mission."
50,Starlink Mission,"February 21, 2022",/launches/sl4-8/," On Monday, February 21 at 9:44 a.m. EST, SpaceX launched 46Starlinksatellites from Space Launch Complex 40 (SLC-40) at Cape Canaveral Space Force Station in Florida.,  This was the 11th flight for the Falcon 9 first stage booster supporting this mission, which previously launched Crew Demo-2, ANASIS-II, CRS-21, Transporter-1, Transporter-3, and now six Starlink missions."
51,Starlink Mission,"February 3, 2022",/launches/sl4-7/," On Thursday, February 3 at 1:13 p.m. EST, Falcon 9 launched 49Starlinksatellites to low Earth orbit from Launch Complex 39A (LC-39A) at Kennedy Space Center in Florida.,  This was the sixth launch and landing of this Falcon 9 first stage booster, which previously launched Crew-1, Crew-2, SXM-8, CRS-23, and IXPE."
52,NROL-87 Mission,"February 2, 2022",/launches/nrol-87/," On Wednesday, February 2 at 12:27 p.m. PST, Falcon 9 launched theNROL-87mission from Space Launch Complex 4 East (SLC-4E) at Vandenberg Space Force Base in California.,  This was the first launch and landing of this booster, which will be prepared for re-flight on another NRO mission later this year."
53,COSMO-SKYMED SECOND GENERATION FM2 MISSION,"January 31, 2022",/launches/cosmo-skymed/," On Monday, January 31 at 6:11 p.m. EST, Falcon 9 launched theCOSMO-SkyMed Second Generation FM2mission to low Earth orbit from Space Launch Complex 40 (SLC-40) at Cape Canaveral Space Force Station in Florida.,  This was the third launch and landing of this booster, which previously supported the launch of Arabsat-6A and STP-2."
54,DRAGON RETURNS TO EARTH FOR CRS-24 MISSION,"January 24, 2022",/launches/crs-24-return/, SpaceX © 2024PRIVACY POLICYSUPPLIERS
55,Starlink Mission,"January 18, 2022",/launches/sl4-6/," On Tuesday, January 18 at 9:02 p.m. EST, Falcon 9 launched 49Starlinksatellites to low Earth orbit\n    from Launch Complex 39A (LC-39A) at Kennedy Space Center in Florida.,  This was the tenth launch and landing of this Falcon 9 first stage booster, which has launched GPS III-3, Turksat 5A, Transporter-2, and now seven Starlink missions."
56,Transporter-3 Mission,"January 13, 2022",/launches/transporter-3-mission/," On Thursday, January 13 at 10:25 a.m. EST, Falcon 9 launchedTransporter-3, SpaceX’s third dedicatedSmallSat Rideshare Programmission, from Space Launch Complex 40 at Cape Canaveral Space Force Station in Florida. This was the tenth launch and landing of this Falcon 9 stage\n    booster, which previously supported launch of Crew Demo-2, ANASIS-II, CRS-21, Transporter-1, and five Starlink missions. Following stage separation,\n    SpaceX landed Falcon 9’s first stage on Landing Zone 1 (LZ-1) at Cape Canaveral Space Force Station.,  On board this launch were 105 commercial and government spacecraft (including CubeSats, microsats, PocketQubes, and orbital transfer vehicles)."
57,Starlink Mission,"January 6, 2022",/launches/sl4-5/," On Thursday, January 6 at 4:49 p.m. EST, Falcon 9 launched 49Starlinksatellites to low Earth\n    orbit from Launch Complex 39A (LC-39A) at Kennedy Space Center in Florida.,  This was the fourth launch and landing of this Falcon 9 first stage booster, which previously launched GPS III-4, GPS III-5, and Inspiration4."
58,CRS-24 Mission,"December 21, 2021",/launches/crs-24-mission/," On December 21, 2021, SpaceX’s Falcon 9 rocket launched Dragon on the 24th Commercial Resupply Services (CRS-24) mission\n            for NASA from historic Launch Complex 39A (LC-39A) at Kennedy Space Center in Florida, completing our 31st and final launch of the year. Dragon separated from Falcon 9’s second\n            stage about twelve minutes after liftoff and will autonomously dock to the space station on Wednesday, December 22.,  CRS-24 also marked the 100th recovery of an orbital class rocket booster. SpaceX remains the only launch provider in the world capable of propulsive landing and re-flight of orbital class rockets. While most rockets are\n            expended after launch — akin to throwing away an airplane after a cross-country flight — SpaceX is working toward a future in which reusable rockets are the norm. To date, SpaceX has:"
59,Turksat 5B Mission,"December 18, 2021",/launches/turksat-5b/," On Saturday, December 18 at 10:58 p.m. EST, Falcon 9 launched theTurksat 5Bmission to\n    geostationary transfer orbit from Space Launch Complex 40 (SLC-40) at Cape Canaveral Space Force Station in Florida.,  This was the third launch and landing of this booster, which previously supported launch of CRS-22 and Crew-3."
60,Starlink Mission,"December 18, 2021",/launches/sl4-4/," On December 18 at 4:41 a.m. PST, Falcon 9 launched 52Starlinksatellites to\n    low-Earth orbit from Space Launch Complex 4 East (SLC-4E) at Vandenberg Space Force Base in California, completing the first\n    eleventh launch and landing of an orbital class rocket booster.,  The Falcon 9 first stage booster has launched Dragon’s first crew demonstration mission, the RADARSAT Constellation Mission, SXM-7, and now 8 Starlink missions."
61,IXPE Mission,"December 9, 2021",/launches/ixpe/," On Thursday, December 9 at 1:00 a.m. EST, Falcon 9 launched NASA’s Imaging X-ray Polarimetry Explorer (IXPE)\n    to low Earth orbit from historic Launch Complex 39A (LC-39A) at NASA’s Kennedy Space Center in Florida. This was the fifth flight for NASA’s Launch Service Program.,  This was the fifth flight for this Falcon 9’s first stage booster, which previously supported launch of Crew-1, Crew-2, SXM-8, and CRS-23.\n    This mission marked SpaceX’s 130th flight of Falcon 9 and its 90th successful landing."
62,Starlink Mission,"December 2, 2021",/launches/sl4-3/," On Thursday, December 2 at 6:12 p.m. EST, Falcon 9 launched 48Starlinksatellites\n    and two BlackSky spacecraft to orbit from Space Launch Complex 40 (SLC-40) at Cape Canaveral Space Force Station in Florida.,  This was the ninth launch and landing of this Falcon 9 first stage booster, which previously launched GPS III-3, Turksat 5A,\n    Transporter-2, and now six Starlink missions."
63,Dart Mission,"November 23, 2021",/launches/dart/," On Tuesday, November 23 at 10:21 p.m. PST, Falcon 9 launchedNASA’s Double Asteroid Redirection Test (DART) missionto an interplanetary transfer orbit\n        from Space Launch Complex 4 East (SLC-4E) at Vandenberg Space Force Base in California.DARTis humanity’s first planetary defense test mission\n        to see if intentionally crashing a spacecraft into an asteroid is an effective way to change its course, should an Earth-threatening asteroid be discovered in the future. This was SpaceX’s first inter-planetary mission.,  This was the third flight for this Falcon 9’s first stage booster, which previously supported launch of Sentinel-6 Michael Freilich and a Starlink mission."
64,Starlink Mission,"November 13, 2021",/launches/sl4-1/," On Saturday, November 13 at 7:19 a.m. EST, Falcon 9 launched 53Starlinksatellites to orbit from Space Launch Complex 40 (SLC-40) at Cape Canaveral Space Force Station in Florida.,  This was the ninth launch and landing of this Falcon 9 first stage booster, which previously launched Crew Demo-2, ANASIS-11, CRS-21, Transporter-1,\n      and now five Starlink missions."
65,Crew-3 Mission,"November 11, 2021",/launches/crew-3/," On Thursday, November 11 at 6:32 p.m. EST, 23:32 UTC, SpaceX’s Dragon autonomously docked with the International Space Station.\n    Falcon 9 launched the spacecraft to orbit from historic Launch Complex 39A (LC-39A) at NASA’s Kennedy Space\n    Center in Florida on Wednesday, November 10 at 9:03 p.m. EST.,  After an approximate six-month stay, Dragon and the Crew-3 astronauts will depart the orbiting laboratory no\n    earlier than late April 2022 for return to Earth and splash down off the coast of Florida."
66,Crew-2 Mission,"November 8, 2021",/launches/crew-2-return/," After 199 days in space, the longest-duration mission for a U.S. spacecraft, Dragon and the Crew-2 astronauts,Shane Kimbrough,Megan McArthur,Akihiko Hoshide, andThomas Pesquet, returned to Earth, splashing down off the coast of Pensacola, Florida at 10:33 p.m. EST on November 8.,  Dragon and the Crew-2 astronauts were quickly recovered by the SpaceX recovery team. SpaceX will transport Dragon back to Cape Canaveral, Florida for inspections and refurbishment ahead of future human spaceflight missions."
67,CRS-23 Splashdown,"SEPTEMBER 30, 2021",/launches/crs-23-splashdown/, SpaceX © 2024PRIVACY POLICYSUPPLIERS
68,Inspiration4 Mission,"SEPTEMBER 18, 2021",/launches/inspiration4/," After three days orbiting Earth, Dragon and theInspiration4crew –\n        the world’s first civilian mission to orbit – safely splashed down off the coast of Florida at 7:06 p.m. EDT on Saturday, September 18, 2021,\n        completing their first multi-day low Earth orbit mission.,  Dragon performed a series of departure phasing burns to leave the circular orbit of 575 kilometers and then jettisoned its trunk ahead of its deorbit burn.\n        After re-entering the Earth’s atmosphere, the spacecraft deployed its two drogue and four main parachutes in preparation for the soft water landing."
69,Starlink Mission,"SEPTEMBER 13, 2021",/launches/starlink-update-09-13-2021/," On Monday, September 13 at 8:55 p.m. PDT, SpaceX launched 51Starlinksatellites from Space Launch Complex 4E (SLC-4E) at Vandenberg Air Force Base in California.,  This was the tenth launch and landing of this Falcon 9 first stage booster, which previously launched the Telstar 18 VANTAGE, Iridium-8, and seven Starlink missions."
70,CRS-23 Mission,"AUGUST 29, 2021",/launches/crs-23-mission/, SpaceX © 2024PRIVACY POLICYSUPPLIERS
71,Dragon Returns to Earth for CRS-22 Mission,"JULY 09, 2021",/launches/crs-22-splashdown/," SpaceX’s Dragon spacecraft completed its 22nd Commercial Resupply Services (CRS-22) mission to and from the International Space Station for NASA, successfully returning to Earth and splashing down off the coast of Florida on Friday, July 9 at 11:30 p.m. EDT.,  Dragon undocked from the International Space Station on Thursday, July 8 at 10:45 a.m. EDT and then performed three burns of its Draco thrusters to move away from the orbiting laboratory. After approximately 37 hours of phasing, the spacecraft re-entered Earth’s atmosphere and deployed its two drogue and four main parachutes for a soft water landing in the Gulf of Mexico."
72,Transporter-2 Mission,"JUNE 30, 2021",/launches/transporter-2-mission/," On Wednesday, June 30 at 3:31 p.m. EDT, Falcon 9 launched theTransporter-2, SpaceX’s second dedicatedSmallSat Rideshare Programmission, from Space Launch Complex 40 at Cape Canaveral Space Force Station in Florida. The mission also marked SpaceX’s second launch to a polar orbit from Florida. This was the eighth launch and landing of this Falcon 9 first stage booster in exactly one year, including launch of GPS III Space Vehicle 03, Turksat 5A, and five Starlink missions. Following stage separation, SpaceX landed Falcon 9’s first stage on Landing Zone 1 (LZ-1) at Cape Canaveral Space Force Station.,  On board this launch were 85 commercial and government spacecraft (including CubeSats, microsats, and orbital transfer vehicles) and 3 Starlink satellites. While there were fewer spacecraft on board compared to Transporter-1, this mission launched more mass to orbit for SpaceX’s customers."
73,GPS III Space Vehicle 05 Mission,"JUNE 17, 2021",/launches/gps3-mission-06-17-2021/," On Thursday, June 17 at 12:09 p.m. EDT, Falcon 9 launched theGPS III Space Vehicle 05 missionfrom Space Launch Complex 40 at Cape Canaveral Space Force Station in Florida. This was the second launch and landing of this Falcon 9 stage booster, which previously supported launch of GPS III Space Vehicle 04. Following stage separation, SpaceX landed Falcon 9’s first stage on the “Just Read the Instructions” droneship, located in the Atlantic Ocean.,  SpaceX © 2024PRIVACY POLICYSUPPLIERS"
74,SXM-8 Mission,"JUNE 17, 2021",/launches/sxm-8/," On Sunday, June 6 at 12:26 a.m. EDT, Falcon 9 launched theSXM-8mission from Space Launch Complex 40 at Cape Canaveral Space Force Station in Florida.,  This was the third launch and landing of this Falcon 9 first stage booster, which previously launched NASA astronauts on the Crew-1 and Crew-2 missions to the International Space Station. Following stage separation, Falcon 9’s first stage landed on the “Just Read the Instructions” droneship, located in the Atlantic Ocean."
75,CRS-22 Mission,"JUNE 03, 2021",/launches/crs-22-mission/," On Thursday, June 3 at 1:29 p.m. EDT Falcon 9 launched Dragon on the twenty-second Commercial Resupply Services mission (CRS-22) from Launch Complex 39A (LC-39A) at Kennedy Space Center, Florida. Following stage separation, Falcon 9’s first stage landed on the “Of Course I Still Love You” droneship, located in the Atlantic Ocean. Dragon separated from Falcon 9’s second stage about twelve minutes after liftoff and will autonomously dock to the Station on Saturday, June 5.,  SpaceX © 2024PRIVACY POLICYSUPPLIERS"
76,Starlink Mission,"MAY 26, 2021",/launches/starlink-mission-05-26-2021/," On Wednesday, May 26 at 2:59 p.m. EDT, SpaceX launched 60Starlinksatellites from Space Launch Complex 40 (SLC-40) at Cape Canaveral Space Force Station in Florida.,  This was the second launch and landing of this Falcon 9 first stage booster, which previously launched the Sentinel-6A mission."
77,Starlink Mission,"MAY 15, 2021",/launches/starlink-mission-05-15-2021/," On Saturday, May 15 at 6:56 p.m. EDT, SpaceX launched 52 Starlink satellites, a Capella Synthetic Aperture Radar (SAR) satellite, and Tyvak-0130 from Launch Complex 39A (LC-39A) at Kennedy Space Center in Florida.,  This was the eighth launch and landing of this Falcon 9 first stage booster, which previously launched NASA astronauts Bob Behnken and Doug Hurley to the International Space Station, ANASIS-II, CRS-21, Transporter-1, and three Starlink missions."
78,Starlink Mission,"MAY 09, 2021",/launches/starlink-mission-05-09-2021/," On Sunday, May 9 at 2:42 a.m. EDT, Falcon 9 launched 60 Starlink satellites from Space Launch Complex 40 (SLC-40) at Cape Canaveral Space Force Station in Florida. After stage separation, Falcon 9’s first stage returned to Earth and landed on the “Just Read the Instructions” droneship.,  This was the first Falcon 9 first stage booster to complete a tenth launch and landing. The first stage booster previously supported Crew Dragon’s first demonstration mission to the International Space Station, the RADARSAT Constellation Mission, SXM-7, and now seven Starlink missions."
79,Starship SN15,"MAY 05, 2021",/launches/starship-sn15-flight-test/," On Wednesday, May 5, Starship serial number 15 (SN15) successfully completed SpaceX’s fifth high-altitude flight test of a Starship prototype from Starbase in Texas.,  Similar to previous high-altitude flight tests ofStarship, SN15 was powered through ascent by three Raptor engines, each shutting down in sequence prior to the vehicle reaching apogee – approximately 10 km in altitude. SN15 performed a propellant transition to the internal header tanks, which hold landing propellant, before reorienting itself for reentry and a controlled aerodynamic descent."
80,Starlink Mission,"MAY 04, 2021",/launches/sl25/," On Tuesday, May 4 at 3:01 p.m. EDT, SpaceX launched 60Starlinksatellites from Launch Complex 39A (LC-39A) at Kennedy Space Center in Florida.,  This was the ninth launch and landing of this Falcon 9 first stage booster, which previously launched Telstar 18 VANTAGE, Iridium-8, and six Starlink missions."
81,Dragon Returns to Earth,"MAY 02, 2021",/launches/crew-1-returns-to-earth/," After 167 days in space, the longest duration mission for a U.S. spacecraft since the final Skylab mission in 1974, Dragon and the Crew-1 astronauts,Mike Hopkins,Victor Glover,Shannon Walker, andSoichi Noguchi, returned to Earth on Sunday, May 2, 2021.,  Dragon autonomously undocked from the International Space Station at 8:35 p.m. EDT on Saturday, May 1. The spacecraft performed a series of departure burns to move away from the orbiting laboratory. Before reentry, Dragon jettisoned its trunk to reduce weight and mass to help save propellant for the deorbit burn. The spacecraft then re-entered the Earth’s atmosphere and deployed its two drogue and four main parachutes in preparation for the soft water landing."
82,Starlink Mission,"APRIL 28, 2021",/launches/starlink-mission-04-28-2021/," On Wednesday, April 28 at 11:44 p.m. EDT, SpaceX launched 60Starlinksatellites from Space Launch Complex 40 (SLC-40) at Cape Canaveral Space Force Station in Florida. This was the seventh launch and landing of this Falcon 9 first stage booster, which previously launched GPS III Space Vehicle 03, Turksat 5A, and four Starlink missions.,  You can watch a replay of this mission above."
83,CREW-2 MISSION,"APRIL 24, 2021",/launches/crew-2-mission/," On Saturday, April 24 at 5:08 a.m. EDT, 9:08 UTC, SpaceX’s Dragon autonomously docked with the International Space Station (ISS) after Falcon 9launchedthe spacecraft to orbit from historic Launch Complex 39A (LC-39A) at NASA’s Kennedy Space Center in Florida on Friday, April 23 at 5:49 a.m. EDT, 9:49 UTC.,  This is the first human spaceflight mission to fly astronauts on a flight-proven Falcon 9 and Dragon. The Falcon 9 first stage supporting this mission previously launched theCrew-1mission in November 2020, and the Dragon spacecraft previously flewRobert BehnkenandDouglas Hurleyto and from the International Space Station during SpaceX’sDemo-2mission in 2020."
84,Starlink Mission,"APRIL 07, 2021",/launches/starlink-mission-04-07-2021/," On Wednesday, April 7 at 12:34 p.m. EDT, SpaceX launched 60Starlinksatellites from Space Launch Complex 40 (SLC-40) at Cape Canaveral Space Force Station in Florida. This was the seventh launch and landing of this Falcon 9 first stage booster, which previously launched NASA astronauts Bob Behnken and Doug Hurley to the International Space Station, ANASIS-II, CRS-21, Transporter-1, and two Starlink missions. One half of Falcon 9’s fairing previously supported the AMOS-17 and two Starlink missions, and the other supported one Starlink mission.,  You can watch a replay of this mission above."
85,Starship SN11 High-Altitude Flight Test,"MARCH 30, 2021",/launches/starship-sn11-flight-test/," On Tuesday, March 30, SpaceX launched its fourth high-altitude flight test of Starship from Starbase in Texas. Similar to previous high-altitude flight tests,StarshipSerial Number 11 (SN11) was powered through ascent by three Raptor engines, each shutting down in sequence prior to the vehicle reaching apogee – approximately 10 km in altitude. SN11 performed a propellant transition to the internal header tanks, which hold landing propellant, before reorienting itself for reentry and a controlled aerodynamic descent.,  Shortly after the landing burn started, SN11 experienced a rapid unscheduled disassembly. Teams will continue to review data and work toward our next flight test."
86,Starlink Mission,"MARCH 24, 2021",/launches/starlink-mission-03-24-2021/," On Wednesday, March 24 at 4:28 a.m. EDT, SpaceX launched 60Starlinksatellites from Space Launch Complex 40 (SLC-40) at Cape Canaveral Space Force Station in Florida. This was the sixth launch and landing of this Falcon 9 first stage booster, which previously supported launch of GPS-III Space Vehicle 03, Turksat 5A, and three Starlink missions. One half of Falcon 9’s fairing supported the Sentinel-6A mission and the other supported a previous Starlink mission.,  You can watch a replay of this mission above."
87,Starlink Mission,"MARCH 14, 2021",/launches/starlink-mission-03-14-2021/," On Sunday, March 14 at 6:01 a.m. EDT, SpaceX launched 60Starlinksatellites from Launch Complex 39A (LC-39A) at Kennedy Space Center in Florida. This was the ninth launch and landing of this Falcon 9 first stage booster, which previously supported launch of Crew Dragon Demo-1, RADARSAT Constellation, SXM-7, and five Starlink missions.,  You can watch a replay of this mission above."
88,Starlink Mission,"MARCH 11, 2021",/launches/starlink-mission-03-11-2021/," On Thursday, March 11 at 3:13 a.m. EST, SpaceX launched 60Starlinksatellites from Space Launch Complex 40 (SLC-40) at Cape Canaveral Space Force Station in Florida. This was the sixth launch and landing of this Falcon 9 booster, which previously supported launch of NASA astronauts Bob Behnken and Doug Hurley to the International Space Station, ANASIS-II, CRS-21, Transporter-1, and a Starlink mission.,  You can watch a replay of this mission above."
89,Starlink Mission,"MARCH 04, 2021",/launches/starlink-mission-03-04-2021/," On Thursday, March 4 at 3:24 a.m. EST, SpaceX launched 60Starlinksatellites from Launch Complex 39A (LC-39A) at Kennedy Space Center in Florida. This was the eighth launch of this Falcon 9 booster, which previously supported Iridium-8, Telstar 18 VANTAGE, and five Starlink missions.,  You can watch a replay of this mission above."
90,Starship SN10 High-Altitude Flight Test,"MARCH 03, 2021",/launches/starship-sn10-flight-test/," On Wednesday, March 3, Starship serial number (SN10) successfully completed SpaceX’s third high-altitude flight test of a Starship prototype from our site in Cameron County, Texas.,  Similar to the high-altitude flight tests of StarshipSN8andSN9, SN10 was powered through ascent by three Raptor engines, each shutting down in sequence prior to the vehicle reaching apogee – approximately 10 km in altitude. SN10 performed a propellant transition to the internal header tanks, which hold landing propellant, before reorienting itself for reentry and a controlled aerodynamic descent."
91,Starlink Mission,"FEBRUARY 15, 2021",/launches/starlink-mission-02-15-2021/," On Monday, February 15 at 10:59 p.m. EST, SpaceX launched 60Starlinksatellites from Space Launch Complex 40 (SLC-40) at Cape Canaveral Space Force Station in Florida.,  This was the sixth launch of this Falcon 9 booster, which previously supported Dragon’s 19th and 20th cargo resupply missions to the International Space Station, SAOCOM 1B, NROL-108, and a Starlink mission."
92,Starlink Mission,"FEBRUARY 04, 2021",/launches/starlink-mission-02-04-2021/," On Thursday, February 4 at 1:19 a.m. EST, SpaceX launched 60 Starlink satellites from Space Launch Complex 40 (SLC-40) at Cape Canaveral Space Force Station in Florida.,  Following stage separation, Falcon 9s first stage successfully returned to Earth and landed on the “Of Course I Still Love You” droneship stationed in the Atlantic Ocean, completing this boosters fifth launch and landing."
93,Starship SN9 High-Altitude Flight Test,"FEBRUARY 02, 2021",/launches/starship-sn9-flight-test/," On Tuesday, February 2, Starship serial number 9 (SN9) completed SpaceX’ssecond high-altitude flight test of a Starshipprototype from our site in Cameron County, Texas.,  Similar to thehigh-altitude flight test of Starship serial number 8 (SN8), SN9 was powered through ascent by three Raptor engines, each shutting down in sequence prior to the vehicle reaching apogee – approximately 10 kilometers in altitude. SN9 successfully performed a propellant transition to the internal header tanks, which hold landing propellant, before reorienting itself for reentry and a controlled aerodynamic descent."
94,Transporter-1 Mission,"JANUARY 24, 2021",/launches/transporter-1-mission/," On Sunday, January 24 at 10:00 a.m. EST, Falcon 9 launchedTransporter-1, SpaceX’s first dedicatedSmallSat Rideshare Programmission, from Space Launch Complex 40 (SLC-40) at Cape Canaveral Space Force Station in Florida.,  Falcon 9’s first stage booster previously supported launch of Crew Dragon’s second demonstration mission, the ANASIS-II mission, a Starlink mission, and launch of Dragon’s 21st cargo resupply mission to the International Space Station. Following stage separation, Falcon 9’s first stage landed on the Of Course I Still Love You droneship, stationed in the Atlantic Ocean."
95,Starlink Mission,"JANUARY 20, 2021",/launches/starlink-mission-01-20-2021/," On Wednesday, January 20 at 8:02 a.m. EST, SpaceX launched 60 Starlink satellites to orbit from Launch Complex 39A (LC-39A) at Kennedy Space Center, completing the seventeenthStarlink mission.,  Following first-stage separation, Falcon 9 successfully landed for the eighth time on the “Just Read the Instructions” droneship, which was stationed in the Atlantic Ocean. Falcon 9’s first stage booster rocket previously supported seven other missions: the SXM-7 mission in December 2020, launch of the RADARSAT Constellation Mission in June 2019, launch of Crew Dragon’s first demonstration mission in March 2019, and four Starlink missions. One half of Falcon 9’s fairing previously supported a Starlink mission and the other previously supported two."
96,UPGRADED DRAGON RETURNS TO EARTH,"JANUARY 13, 2021",/launches/crs-21-splashdown/," SpaceX’s upgraded Dragon spacecraft completed its first cargo resupply mission to and from the International Space Station, and SpaceX’s 21st Commercial Resupply Services (CRS-21) mission for NASA to-date, after successfully returning to Earth on Wednesday, January 13 at 8:36 p.m. EST and becoming the first cargo spacecraft to splash down off the coast of Florida. Returning closer to NASA’s Kennedy Space Center in Florida enables a quick handover of the scientific research on board the spacecraft to the agency’s processing facility and into the hands of researchers.,  This was the first flight of the updated cargo version of Dragon, which is capable of carrying about 20 percent more volume than the previous version of Dragon and double the amount of powered locker cargo. It has the capability to allow science payloads to remain inside the spacecraft during the full mission’s duration as an extension to the space station lab space, also known as extend-the-lab. Dragon’s new design also permits for up to five flights to and from the space station, and this cargo version of the spacecraft can stay on station more than twice as long as the previous version."
97,Turksat 5A Mission,"JANUARY 07, 2021",/launches/turksat-5a-mission/," On Thursday, January 7 at 9:15 p.m. EST, SpaceX launched theTurksat 5A missionfrom Space Launch Complex 40 (SLC-40) at Cape Canaveral Space Force Station in Florida – SpaceX’s first mission of 2021.,  Falcon 9’s first stage booster previously supported launch of GPS III Space Vehicle 03 and two Starlink missions. Following stage separation, SpaceX landed Falcon 9’s first stage on the Just Read the Instructions droneship, which was stationed in the Atlantic Ocean. Falcon 9’s fairings were also flight-proven: one half previously supported the GPS III Space Vehicle 03 mission and the other flew aboard the ANASIS-II mission."
98,NROL-108 Mission,"DECEMBER 19, 2020",/launches/nrol-108-mission/," On Saturday, December 19 at 9:00 a.m. EST, Falcon 9 launched theNROL-108 missionfrom Launch Complex 39A (LC-39A) at Kennedy Space Center, Florida, completing SpaceX’s 26th and final mission of 2020.,  Falcon 9’s first stage booster previously supported launch of SpaceX’s 19th and 20th cargo resupply missions to the International Space Station, a Starlink mission, and the SAOCOM 1B mission. Following stage separation, SpaceX landed Falcon 9’s first stage on Landing Zone 1 at Cape Canaveral Space Force Station in Florida – the 70th landing for SpaceX."
99,SXM-7 Mission,"DECEMBER 13, 2020",/launches/sxm-7-mission/," On Sunday, December 13 at 12:30 p.m. EST, Falcon 9 launched theSXM-7 missionfrom Space Launch Complex 40 (SLC-40) at Cape Canaveral Space Force Station, Florida - SpaceXs 25th mission in 2020.,  This mission marked the seventh flight of this Falcon 9 first stage rocket booster, which previously supported launch of Crew Dragon’s first flight to the International Space Station (Demo-1), launch of the RADARSAT Constellation Mission, and four Starlink missions in 2020. Following stage separation, SpaceX landed Falcon 9’s first stage on the “Just Read the Instructions” droneship, which was located in the Atlantic Ocean. One half of Falcon 9’s fairing previously supported the ANASIS-II mission in July 2020."
100,STARSHIP SN8 TAKES FLIGHT,"DECEMBER 09, 2020",/launches/starship-sn8-takes-flight/," On Wednesday, December 9, Starship serial number 8 (SN8) lifted off from our Cameron County launch pad and successfully ascended, transitioned propellant, and performed its landing flip maneuver with precise flap control to reach its landing point. Low pressure in the fuel header tank during the landing burn led to high touchdown velocity resulting in a hard (and exciting!) landing. Re-watch SN8s flighthere.,  Thank you to all the locals supporting our efforts in Cameron County and beyond. Congratulations to the entire Starship and SpaceX teams on today’s test! Serial number 9 (SN9) is up next – Mars, here we come!"
101,CRS-21 Mission,"DECEMBER 06, 2020",/launches/crs-21-mission-launch/," On Sunday, December 6, SpaceX launched itstwenty-first Commercial Resupply Services mission (CRS-21),which lifted off from Launch Complex 39A (LC-39A) at Kennedy Space Center, Florida at 11:17 a.m. EST, or 16:17 UTC. Dragon separated from Falcon 9’s second stage about eleven minutes after liftoff and autonomously docked to the space station on Monday, December 7.,  This is the first flight of the updated cargo version of Dragon, which is capable of carrying about 20 percent more volume than the previous version of Dragon and has double the amount of powered locker cargo capability. Dragon is now designed for up to five flights to and from the space station, and this cargo version of the spacecraft can stay on station more than twice as long as the previous version of Dragon."
102,Starlink Mission,"NOVEMBER 24, 2020",/launches/starlink-mission-11-24-2020/," On Tuesday, November 24 at 9:13 p.m. EST, SpaceX launched its sixteenthStarlink missionfrom Space Launch Complex 40 (SLC-40) at Cape Canaveral Air Force Station. The Falcon 9 first stage rocket booster that supported this mission previously flew on six other missions: the Telstar 18 VANTAGE mission in September 2018, the Iridium-8 mission in January 2019, and four Starlink missions in May 2019, January 2020, June 2020, and August 2020. Following stage separation, SpaceX landed Falcon 9’s first stage on the “Of Course I Still Love You” droneship, which was located in the Atlantic Ocean. One half of Falcon 9’s fairing previously supported a mission, and the other half previously supported two.,  You can watch a replay of this mission here."
103,Sentinel-6 Michael Freilich Mission,"NOVEMBER 21, 2020",/launches/sentinel-6-michael-freilich/," On Saturday, November 21 at 9:17 a.m. PST, SpaceX launched theSentinel-6 Michael Freilich missionfrom Space Launch Complex 4E (SLC-4E) at Vandenberg Air Force Base in California.,  Following stage separation, Falcon 9’s first stage returned to Earth and landed on Landing Zone 4 at Vandenberg Air Force Base. The spacecraft deployed approximately 58 minutes after liftoff."
104,Crew-1 Mission,"NOVEMBER 16, 2020",/launches/crew-1-docks-to-iss/," On Monday, November 16 at 11:01 p.m. EST, 04:01 UTC on November 17, SpaceX’s Dragon autonomously docked with the International Space Station (ISS) after Falcon 9launchedthe spacecraft to orbit from historic Launch Complex 39A (LC-39A) at NASA’s Kennedy Space Center in Florida on Sunday, November 15, 2020.,  As part of the Commercial Crew Program, NASA astronautsMike Hopkins,Victor Glover,Shannon Walker, and JAXA astronautSoichi Noguchiflew aboard Dragonon its first six-month operational mission to the space station. After its approximately six-month stay at the orbiting laboratory, Dragon and the astronauts will return to Earth and splashdown in the Atlantic Ocean off the coast of Florida."
105,GPS III Space Vehicle 04 Mission,"NOVEMBER 05, 2020",/launches/gps3-mission-11-05-2020/," On Thursday, November 5 at 6:24 p.m. EST, Falcon 9 completed its second mission this year for the United States Space Force when it launched the GPS III Space Vehicle 04 from Space Launch Complex 40 (SLC-40) at Cape Canaveral Air Force Station in Florida. Following stage separation, SpaceX landed Falcon 9’s first stage on the “Of Course I Still Love You” droneship, which was stationed in the Atlantic Ocean. The spacecraft deployed approximately 1 hour and 29 minutes after liftoff.,  In September 2020, the United States Space Force’s Space and Missile Systems Center (SMC) announced its agreement with SpaceX to launch previously flown first stage boosters on futureNational Security Space Launch (NSSL) missions."
106,Starlink Mission: SpaceX’s 100th Successful Flight,"OCTOBER 24, 2020",/launches/starlink-mission-10-24-2020/," On Saturday, October 24 at 11:31 a.m. EDT, 11:31 UTC, SpaceX’s Falcon 9 rocket launched 60 Starlink satellites to orbit from Space Launch Complex 40 (SLC-40) at Cape Canaveral Air Force Station in Florida.,  Falcon 9’s first stage previously supported the GPS III Space Vehicle 03 mission in June 2020 and a Starlink mission in September 2020. Following stage separation, SpaceX landed Falcon 9’s first stage on the “Just Read the Instructions” droneship, which was stationed in the Atlantic Ocean. The Starlink satellites deployed approximately 1 hour and 3 minutes after liftoff."
107,STARLINK MISSION,"OCTOBER 18, 2020",/launches/starlink-mission-10-18-2020/," On Sunday, October 18 at 8:25 a.m. EDT, 12:25 UTC, SpaceX launched 60 Starlink satellites from Launch Complex 39A (LC-39A) at Kennedy Space Center in Florida.,  Falcon 9’s first stage previously supported Crew Dragon’s first demonstration mission to the International Space Station, launch of the RADARSAT Constellation Mission, and three Starlink missions this year. Following stage separation, SpaceX landed Falcon 9’s first stage on the “Of Course I Still Love You” droneship, which was stationed in the Atlantic Ocean. Falcon 9’s fairing halves each previously supported two missions. The Starlink satellites deployed approximately 1 hour and 3 minutes after liftoff."
108,STARLINK MISSION,"OCTOBER 06, 2020",/launches/starlink-mission-10-06-2020/," On Tuesday, October 6 at 7:29 a.m. EDT, 11:29 UTC, SpaceX launched 60 Starlink satellites from Launch Complex 39A (LC-39A) at Kennedy Space Center in Florida. Falcon 9’s first stage previously supported launch of Crew Dragon’s first flight to the International Space Station with NASA astronauts onboard and the ANASIS-II mission. Following stage separation, SpaceX landed Falcon 9’s first stage on the “Of Course I Still Love You” droneship, which was stationed in the Atlantic Ocean. One of Falcon 9’s fairing halves supported two previous Starlink launches, and Ms. Tree successfully caught that fairing half after launch. The Starlink satellites deployed approximately 1 hour and 1 minute after liftoff.,  Last week, emergency responders in Washington Statesharedtheir experience using Starlink. In the wake of the wildfires that devastated areas of the state in August, first responders there have been using the service for their purposes and to help bring the residents of Malden internet service while they rebuild their community. Malden is located about 35 miles south of Spokane, Washington, which falls within the northern latitudes our satellites currently service.  The way emergency responders deployed Starlink in this context is representative of how Starlink works best—in remote or rural areas where internet connectivity is unavailable."
109,STARLINK MISSION,"SEPTEMBER 04, 2020",/launches/starlink-mission-09-03-2020/," On Thursday, September 3 at 8:46 a.m. EDT, 12:46 UTC, SpaceX launched its twelfthStarlink mission, which launched 60 Starlink satellites to orbit. Falcon 9 lifted off from Space Launch Complex 40 (SLC-40) at Cape Canaveral Air Force Station in Florida.,  Falcon 9’s first stage previously supported launch of the GPS III Space Vehicle 03 mission in June 2020. Following stage separation, SpaceX will land Falcon 9’s first stage on the “Of Course I Still Love You” droneship, which will be stationed in the Atlantic Ocean."
110,SAOCOM 1B MISSION,"AUGUST 30, 2020",/launches/saocom1b-08-30-2020/," On Sunday, August 30 at 7:19 p.m. EDT, or 23:19 UTC, SpaceXs Falcon 9 successfully lifted off carrying theSAOCOM 1B mission.  This mission put the SAOCOM 1B spacecraft into orbit as well as two rideshare payloads, Tyvak-0172 and PlanetiQ’s GNOMES-1.,  The mission lifted off from Space Launch Complex 40 (SLC-40) at Cape Canaveral Air Force Station in Florida. This mission marks SpaceX’s first launch to a polar orbit from the East Coast, and the first polar launch from Florida in decades."
111,STARLINK MISSION,"AUGUST 18, 2020",/launches/starlink-mission-08-18-2020/," On Tuesday, August 18 at 10:31 a.m. EDT, SpaceX launched its eleventhStarlink mission, which included 58 Starlink satellites andthree of Planet’s SkySats. Falcon 9 lifted off from Space Launch Complex 40 (SLC-40) at Cape Canaveral Air Force Station in Florida.,  Falcon 9’s first stage previously supported the Telstar 18 VANTAGE mission in September 2018, the Iridium-8 mission in January 2019, and three separate Starlink missions in May 2019, January 2020, and June 2020. Following stage separation, SpaceX landed Falcon 9’s first stage on the “Of Course I Still Love You” droneship, which was stationed in the Atlantic Ocean. Falcon 9’s fairing previously flew on the fourth launch of Starlink and one of SpaceX’s fairing recovery vessels, Ms. Tree, caught a fairing half after launch."
112,STARLINK MISSION,"AUGUST 06, 2020",/launches/starlink-mission-08-06-2020/," On Friday, August 7 at 1:12 a.m. EDT, 5:12 UTC, SpaceX launched its tenthStarlink mission, which included 57 Starlink satellites and 2 satellites from BlackSky, a Spaceflight customer.,  Falcon 9’s first stage previously supported Crew Dragon’s first demonstration mission to the International Space Station, launch of the RADARSAT mission, and the fourth and seventh Starlink missions. Following stage separation, Falcon 9’s first stage landed on the “Of Course I Still Love You” droneship stationed in the Atlantic Ocean."
113,STARSHIP TAKES FLIGHT,"AUGUST 05, 2020",/launches/starship-150m-hop/," On Tuesday, August 4 at 4:56 p.m. CDT in Boca Chica, Texas,Starshipserial number 5 (SN5) lifted-off from its launch mount and flew to a height of 150 meters before successfully touching down on a near-by landing pad.,  On this flight test, SN5 was powered by a single Raptor engine – a reusable methalox full-flow staged-combustion rocket engine. This test flight was an important step in development of SpaceX’s fully reusable transportation system designed to carry both crew and cargo to Earth orbit, the Moon, Mars and beyond."
114,RETURNING HUMAN SPACEFLIGHT TO THE U.S.,"AUGUST 02, 2020",/launches/return-human-spaceflight-america-08-02-2020/," On Saturday, May 30, SpaceX’s Falcon 9 launched Crew Dragon’s second demonstration(Demo-2)mission from Launch Complex 39A (LC-39A) at NASA’s Kennedy Space Center in Florida with NASA astronauts Bob Behnken and Doug Hurley aboard the spacecraft. Dragon autonomously docked to the International Space Station on Sunday, May 31, 2020.,  Sixty-three days later, Crew Dragon undocked and departed from the orbiting laboratory, before successfully splashing down in the Gulf of Mexico off the coast of Pensacola, Florida on Sunday, August 2 at 2:48 p.m. EDT. This test flight marked the return of human spaceflight to the United States and the first-time in history a commercial company successfully took astronauts to orbit and back."
115,ANASIS-II MISSION,"JULY 20, 2020",/launches/anasis-ii-mission-07-20-2020/," On Monday, July 20 at 5:00 p.m., SpaceX’s Falcon 9 launched the ANASIS-II mission from Space Launch Complex 40 (SLC-40) at Cape Canaveral Air Force Station in Florida.,  Falcon 9’s first stage previously launched Crew Dragon to the International Space Station with NASA astronauts Bob Behnken and Doug Hurley on board. Following stage separation, SpaceX landed Falcon 9’s first stage on the “Just Read the Instructions” droneship, which was stationed in the Atlantic Ocean. The ANASIS-II spacecraft deployed about 32 minutes after liftoff."
116,GPS III Space Vehicle 03 MISSION,"JUNE 30, 2020",/launches/gps3-mission-06-30-2020/," On Tuesday, June 30th at 4:10 p.m. ET, 20:10 UTC, SpaceXs Falcon 9 successfully lifted off, carrying the Space Forces GPS III Space Vehicle 03 mission from Space Launch Complex 40 (SLC-40) at Cape Canaveral Air Force Station in Florida.,  Following stage separation, SpaceX landed Falcon 9’s first stage on the “Just Read the Instructions” droneship, stationed in the Atlantic Ocean. The spacecraft deployed approximately 1 hour and 29 minutes after liftoff. You can watch a replay of the launch webcast by clicking the play button above."
117,Starlink Mission,"JUNE 13, 2020",/launches/starlink-mission-06-13-2020/," On Saturday, June 13 at 5:21 a.m. EDT, 9:21 UTC, SpaceX successfully launched its ninth Starlink mission, carrying 58 Starlink satellites and three ofPlanets SkySats. This mission marked SpaceX’s first SmallSat Rideshare Program launch.,  Falcon 9’s first stage previously supported Dragon’s 19th and 20th resupply missions to the International Space Station. Following stage separation, SpaceXs Falcon 9 first stage landed on the “Of Course I Still Love You” droneship stationed in the Atlantic Ocean."
118,Starlink Mission,"JUNE 03, 2020",/launches/starlink-mission-06-03-2020/," On Wednesday, June 3 at 9:25 p.m. EDT, SpaceX launched its eighth Starlink mission. Falcon 9 lifted off from Space Launch Complex 40 (SLC-40) at Cape Canaveral Air Force Station.,  Falcon 9’s first stage previously supported the Telstar 18 VANTAGE mission in September 2018, the Iridium-8 mission in January 2019, and two separate Starlink missions in May 2019 and in January 2020. Following stage separation, SpaceX landed Falcon 9’s first stage on the “Just Read the Instructions” droneship, which was stationed in the Atlantic Ocean."
119,Crew Demo-2 Launch and Docking,"MAY 30, 2020",/launches/crew-demo-2-mission-update-5-30-2020/," On Saturday, May 30 at 3:22 p.m. EDT, SpaceX’s Falcon 9 launched Crew Dragon’s second demonstration (Demo-2) mission from Launch Complex 39A (LC-39A) at NASA’s Kennedy Space Center in Florida, and the next day Crew Dragon autonomously docked to the International Space Station. This test flight with NASA astronauts Bob Behnken and Doug Hurley on board the Dragon spacecraft returned human spaceflight to the United States.,  Demo-2 is the final major test for SpaceX’s human spaceflight system to be certified by NASA for operational crew missions to and from the International Space Station. SpaceX is returning human spaceflight to the United States with one of the safest, most advanced systems ever built, and NASA’s Commercial Crew Program is a turning point for America’s future in space exploration that lays the groundwork for future missions to the Moon, Mars, and beyond."
120,STARLINK MISSION,"APRIL 23, 2020",/launches/starlink-mission-04-23-2020/," On Wednesday, April 22 at 3:30 p.m. EDT, or 19:30 p.m. UTC, SpaceX launched its seventh Starlink mission. Falcon 9 lifted off from Launch Complex 39A (LC-39A) at NASA’s Kennedy Space Center in Florida. Falcon 9’s first stage previously supported Crew Dragon’s first flight to the International Space Station, launch of the RADARSAT Constellation Mission, and the fourth Starlink mission. Following stage separation, SpaceX landed Falcon 9’s first stage on the “Of Course I Still Love You” droneship, which was stationed in the Atlantic Ocean.,  Falcon 9’s fairing previously supported the AMOS-17 mission. You can watch a replay of launch above and learn more about the missionhere."
121,CREW DEMO-2 MISSION,"APRIL 17, 2020",/launches/crew-demo-2-mission/," SpaceX and NASA are targeting May 27 for Falcon 9’s launch of Crew Dragon’s second demonstration mission (Demo-2) from historic Launch Complex 39A at NASA’s Kennedy Space Center in Florida as part of NASA’sCommercial Crew Program. NASA astronautsBob BehnkenandDoug Hurleywill be the first two NASA astronauts to fly onboard the Dragon spacecraft as part of the Demo-2 mission to and from the International Space Station, which will return human spaceflight to the United States since the Space Shuttle was retired in 2011.,  Filled with approximately 4,500 pounds of supplies and payloads, Dragon launched aboard a Falcon 9 rocket on March 6, 2020 from Cape Canaveral Air Force Station in Florida. The Dragon spacecraft that supported the CRS-20 mission previously supported the CRS-10 mission in February 2017 and the CRS-16 mission in December 2018. Dragon is the only spacecraft currently flying thats capable of returning significant amounts of cargo to Earth."
122,DRAGON RESUPPLY MISSION (CRS-20) SPLASHDOWN,"APRIL 08, 2020",/launches/dragon-resupply-mission-crs-20-splashdown/," Packed with more than 4,000 pounds of cargo and science, SpaceX’s Dragon spacecraft departed the International Space Station on Tuesday, April 7. A parachute-assisted splashdown in the Pacific Ocean occurred that morning just west of Baja California. A recovery team then secured Dragon on a boat for the return trip to the Port of Los Angeles, wrapping up SpaceX’s 20th resupply mission to the space station and the final mission to use the first iteration of Dragon.,  Filled with approximately 4,500 pounds of supplies and payloads, Dragon launched aboard a Falcon 9 rocket on March 6, 2020 from Cape Canaveral Air Force Station in Florida and arrived at the space station on March 9. The Dragon spacecraft supporting the CRS-20 mission previously supported the CRS-10 mission in February 2017 and the CRS-16 mission in December 2018. Dragon is the only spacecraft currently flying that is capable of returning significant amounts of cargo to Earth."
123,STARLINK MISSION,"MARCH 18, 2020",/launches/starlink-mission-03-18-2020/," At 8:16 a.m. EDT, or 12:16 UTC, on Wednesday, March 18, SpaceX launched its sixth Starlink mission. Falcon 9 lifted off from Launch Complex 39A (LC-39A) at NASA’s Kennedy Space Center in Florida.,  Falcon 9’s first stage previously supported the Iridium-7 NEXT mission in July 2018, the SAOCOM 1A mission in October 2018, the Nusantara Satu mission in February 2019, and the second launch of Starlink in November 2019. Falcon 9’s fairing previously supported the first launch of Starlink in May 2019. You can watch a replay of launch above and learn more about the missionhere."
124,DRAGON ARRIVES AT THE INTERNATIONAL SPACE STATION,"MARCH 09, 2020",/launches/dragon-arrives-international-space-station-crs-20/," Dragon arrived at the International Space Station on March 9, 2020 and was captured at 3:25 a.m. PDT while flying over 262 statute miles over the Pacific Northwest. The spacecraft was then installed on the Harmony module for the duration of its four-week stay at the orbiting laboratory.,  Filled with approximately 4,500 pounds of supplies and payloads, Dragon launched aboard a Falcon 9 rocket on March 6, 2020 from Cape Canaveral Air Force Station in Florida. The Dragon spacecraft that supported the CRS-20 mission previously supported the CRS-10 mission in February 2017 and the CRS-16 mission in December 2018. Dragon is the only spacecraft currently flying thats capable of returning significant amounts of cargo to Earth."
125,DRAGON RESUPPLY MISSION (CRS-20) LAUNCH,"MARCH 09, 2020",/launches/dragon-resupply-mission-crs-20-launch/," On Friday, March 6 at 11:50 p.m. EST, SpaceX launched its twentieth Commercial Resupply Services mission (CRS-20) from Space Launch Complex 40 (SLC-40) at Cape Canaveral Air Force Station, Florida. Dragon separated from Falcon 9’s second stage about nine minutes after liftoff.,  The Dragon spacecraft supporting the CRS-20 mission previously supported the CRS-10 mission in February 2017 and the CRS-16 mission in December 2018, and the Falcon 9 first stage booster supporting this mission previously flew on the CRS-19 mission in December 2019. Following stage separation, SpaceX recovered Falcon 9’s first stage on Landing Zone-1 (LZ-1) at Cape Canaveral Air Force Station, marking the companys 50th landing of an orbital class rocket booster. You can watch a replay of launch above and learn more about the missionhere."
126,STARLINK MISSION,"FEBRUARY 17, 2020",/launches/starlink-mission-02-17-2020/," On Monday, February 17 at 10:05 a.m. EST, or 15:05 UTC, SpaceX launched its fifth Starlink mission from Space Launch Complex 40 (SLC-40) at Cape Canaveral Air Force Station, Florida.,  Falcon 9’s first stage previously launched the CRS-17 mission in May 2019, the CRS-18 mission in July 2019, and the JCSAT-18/Kacific1 mission in December 2019. You can watch a replay of launch above and learn more about the missionhere."
127,STARLINK MISSION,"JANUARY 29, 2020",/launches/starlink-mission-01-29-2020/," On Wednesday, January 29 at 9:06 a.m. EST, or 14:06 UTC, SpaceX completed its fourth launch of Starlink satellites from Space Launch Complex 40 (SLC-40) at Cape Canaveral Air Force Station, Florida. Falcon 9’s first stage previously launched Crew Dragon on its first demonstration mission in March 2019 and the RADARSAT Constellation Mission in June 2019.,  Following stage separation, SpaceX landed Falcon 9’s first stage on the “Of Course I Still Love You” droneship, which was stationed in the Atlantic Ocean. One of SpaceX’s fairing recovery vessels, “Ms. Tree, caught one of the fairing halves. You can watch a replay of launch above and learn more about the missionhere."
128,CREW DRAGON LAUNCH ESCAPE DEMONSTRATION,"JANUARY 19, 2020",/launches/crew-dragon-launch-escape-demonstration/," On Sunday, January 19, SpaceX successfully completed an in-flight test of Crew Dragon’s launch escape capabilities from Launch Complex 39A (LC-39A) at NASA’s Kennedy Space Center in Florida. This test, which did not have NASA astronauts onboard the spacecraft, demonstrated Crew Dragon’s ability to reliably carry crew to safety in the unlikely event of an emergency on ascent. Falcon 9 and Dragon lifted off at 10:30 a.m. EST, or 15:30 UTC, with the abort sequence initiating approximately one and a half minutes into flight.,  Crew Dragons eight SuperDraco engines powered the spacecraft away from Falcon 9 at speeds of over 400 mph. Following separation, Dragons trunk was released and the spacecrafts parachutes were deployed, first the two drogue parachutes followed by the four upgraded Mark III parachutes. Dragon safely splashed down in the Atlantic Ocean and teams successfully recovered the spacecraft onto SpaceXs recovery vessel. You can watch a replay of launch above and learn more about the missionhere."
129,DRAGON RESUPPLY MISSION (CRS-19) SPLASHDOWN,"JANUARY 08, 2020",/launches/dragon-resupply-mission-crs-19-splashdown/," Packed with about 3,800 pounds of cargo and science, SpaceX’s Dragon spacecraft departed the International Space Station on Tuesday, January 7. A parachute-assisted splashdown in the Pacific Ocean occurred that morning just west of Baja California. A recovery team then secured Dragon on a boat for the return trip to the Port of Los Angeles, wrapping up SpaceX’s 19th resupply mission to the space station.,  Filled with approximately 5,700 pounds of supplies and payloads, Dragon launched aboard a Falcon 9 rocket on December 5, 2019 from Cape Canaveral Air Force Station in Florida and arrived at the space station on December 8. The Dragon spacecraft supporting the CRS-19 mission previously supported the CRS-4 mission in September 2014 and the CRS-11 mission in June 2017. Dragon is the only spacecraft currently flying that is capable of returning significant amounts of cargo to Earth."
130,STARLINK MISSION,"JANUARY 07, 2020",/launches/starlink-mission-01-07-2020/," On Monday, January 6 at 9:19 p.m. EST, or 2:19 UTC on January 7, SpaceX launched its third launch of Starlink satellites from Space Launch Complex 40 (SLC-40) at Cape Canaveral Air Force Station, Florida. Falcon 9’s first stage supported a Starlink mission in May 2019, the Iridium-8 mission in January 2019, and the Telstar 18 VANTAGE mission in September 2018.,  Following stage separation, SpaceX landed Falcon 9’s first stage on the “Of Course I Still Love You” droneship, which was stationed in the Atlantic Ocean. You can watch a replay of launch above and learn more about the missionhere."
131,JCSAT-18/KACIFIC1 MISSION,"DECEMBER 17, 2019",/launches/jcsat-18kacific1-mission/," On Monday, December 16 at 7:10 p.m. EST, SpaceX launched JCSAT-18/Kacific1 from Space Launch Complex 40 (SLC-40) at Cape Canaveral Air Force Station, Florida. The satellite was deployed approximately 33 minutes after liftoff. Falcon 9’s first stage for the JCSAT-18/Kacific1 mission previously supported the CRS-17 mission in May 2019 and the CRS-18 mission in July 2019.,  Following stage separation, SpaceX landed Falcon 9’s first stage on the “Of Course I Still Love You” droneship, which was stationed in the Atlantic Ocean. You can watch a replay of launch above and learn more about the missionhere."
132,DRAGON ARRIVES AT THE INTERNATIONAL SPACE STATION,"DECEMBER 08, 2019",/launches/dragon-arrives-international-space-station/," Dragon arrived at the International Space Station on December 8, 2019 and was captured at 2:05 a.m. PDT while flying over 250 statute miles over the South Pacific. The spacecraft was then installed on the Harmony module for the duration of its four-week stay at the orbiting laboratory. Filled with approximately 5,700 pounds of supplies and payloads, Dragon launched aboard a Falcon 9 rocket on December 5, 2019 from Cape Canaveral Air Force Station in Florida.,  The Dragon spacecraft that supported the CRS-19 mission previously supported the CRS-4 mission in September 2014 and the CRS-11 mission in June 2017. Dragon is the only spacecraft currently flying thats capable of returning significant amounts of cargo to Earth."
133,DRAGON RESUPPLY MISSION (CRS-19) LAUNCH,"DECEMBER 05, 2019",/launches/dragon-resupply-mission-crs-19-launch/," On Thursday, December 5, SpaceX launched its nineteenth Commercial Resupply Services mission (CRS-19) at 12:29 p.m. EST, or 17:29 UTC, from Space Launch Complex 40 (SLC-40) at Cape Canaveral Air Force Station, Florida. Dragon separated from Falcon 9’s second stage about nine minutes after liftoff and attached to the space station on Sunday, December 8.,  The Dragon spacecraft that is supporting the CRS-19 mission previously supported the CRS-4 mission in September 2014 and the CRS-11 mission in June 2017. Following stage separation, SpaceX recovered Falcon 9’s first stage on the Of Course I Still Love You droneship, which was stationed in the Atlantic Ocean. You can watch a replay of launch above and learn more about the missionhere."
134,STARLINK MISSION,"NOVEMBER 11, 2019",/launches/starlink-mission-11-11-2019/," On Monday, November 11 at 9:56 a.m. EST, 14:56 UTC, SpaceX launched 60 Starlink satellites from Space Launch Complex 40 (SLC-40) at Cape Canaveral Air Force Station, Florida. Falcon 9’s first stage supported the Iridium-7, SAOCOM-1A, and Nusantara Satu missions, and the fairing was previously flown on Falcon Heavy’s Arabsat-6A mission earlier this year.,  Following stage separation, SpaceX landed Falcon 9’s first stage on the “Of Course I Still Love You” droneship, which was stationed in the Atlantic Ocean. You can watch a replay of launch above and learn more about the missionhere."
135,DRAGON RESUPPLY MISSION (CRS-18) SPLASHDOWN,"AUGUST 29, 2019",/launches/dragon-resupply-mission-crs-18-splashdown/," Packed with about 3,300 pounds of cargo and science, SpaceX’s Dragon spacecraft departed the International Space Station on Tuesday, August 27. A parachute-assisted splashdown in the Pacific Ocean occurred that afternoon just west of Baja, California. A recovery team then secured Dragon on a boat for the return trip to the Port of Los Angeles, wrapping up SpaceX’s 18th resupply mission to the space station.,  Filled with approximately 5,000 pounds of supplies and payloads, Dragon launched aboard a Falcon 9 rocket on July 25, 2019 from Cape Canaveral Air Force Station in Florida, and arrived at the space station on July 27. The Dragon spacecraft supporting the CRS-18 mission previously supported the CRS-6 mission in April 2015 and the CRS-13 mission in December 2017. Dragon is the only spacecraft currently flying that is capable of returning significant amounts of cargo to Earth."
